Title,Link,Image URL,Source,Snippet
Google Cloud choisit TendersPage pour ne laisser passer aucun appel d’offre dans le monde,https://www.lesechos.fr/partenaires/bpifrance-le-club-excellence/google-cloud-choisit-tenderspage-pour-ne-laisser-passer-aucun-appel-doffre-dans-le-monde-2111559,//th.bing.com/th?id=OVFT.csv-td_i1-k5xaJDCU3ssS&pid=News&w=234&h=132&c=14&rs=2&qlt=90,Les Echos Patrimoine21 min,L’offre de cloud computing proposée par Google est en effet en compétition avec celles d’Amazon ou de Microsoft. Des ...
Sécurité des données dans le cloud : pourquoi passer à une gestion de la posture de sécurité des données active est crucial,https://www.journaldunet.com/cloud/1532225-securite-des-donnees-dans-le-cloud-pourquoi-passer-a-une-gestion-de-la-posture-de-securite-des-donnees-active-est-crucial/,//th.bing.com/th?id=OVFT.PzSW9DW0wTJtw27dTmz0TC&pid=News&w=234&h=132&c=14&rs=2&qlt=90,journaldunet.com46 min,"Avec l'expansion continue des données d'entreprise dans le cloud, des plateformes comme AWS, Azure et Google Cloud deviennent ..."
Google élargit sa famille de LLM Gemma 2,https://www.lemondeinformatique.fr/actualites/lire-google-elargit-sa-famille-de-llm-gemma-2-94420.html,//th.bing.com/th?id=OVFT.eyoGM6xMvp_MPE73IRpHDi&pid=News&w=234&h=132&c=14&rs=2&qlt=90,1 h,"Après avoir lancé les versions 9B et 27B de son LLM Gemma 2, Google propose une version plus petite à 2,6 milliards de ..."
Les résultats d’Alphabet/Google au Q2-2024 boostés par le Cloud et l’IA,https://www.informatiquenews.fr/les-resultats-dalphabet-google-au-q2-2024-boostes-par-le-cloud-et-lia-100047,//th.bing.com/th?id=OVFT.VBIeWLJHlXcrQAJK8FYauC&pid=News&w=234&h=132&c=14&rs=2&qlt=90,informatiquenews.fr3 j,"Le groupe Alphabet, maison mère de Google, fait preuve d’une solide résilience au second trimestre (Q2-2024) malgré les ..."
"Alphabet, la maison mère de Google, réalise 23,63 milliards de dollars de bénéfice net au deuxième trimestre",https://www.lefigaro.fr/secteur/high-tech/alphabet-la-maison-mere-de-google-realise-23-63-milliards-de-dollars-de-benefice-net-au-deuxieme-trimestre-20240723,//th.bing.com/th?id=OVFT.IXy2rYHoVGOqAo9NdChSUi&pid=News&w=234&h=132&c=14&rs=2&qlt=90,8 j,"L’entreprise, portée par le cloud, a dévoilé des résultats supérieurs aux attentes du marché au deuxième trimestre, avec un ..."
Le cloud et l'IA améliorent les profits conséquents de Google,https://www.zonebourse.com/cours/action/ALPHABET-INC-24203373/actualite/Le-cloud-et-l-IA-ameliorent-les-profits-consequents-de-Google-47448366/,//th.bing.com/th?id=OVFT.9Q1Rl0xaOwPo4sGAwPLCUS&pid=News&w=234&h=132&c=14&rs=2&qlt=90,8 j,"Alphabet, la maison mère de Google, a publié mardi des résultats trimestriels supérieurs aux attentes du marché, portés ..."
Les résultats de Google dopés à l'IA dans le cloud,https://www.msn.com/fr-fr/finance/economie/les-r%C3%A9sultats-de-google-dop%C3%A9s-%C3%A0-lia-dans-le-cloud/ar-BB1qwnx4?ocid=BingNewsVerp,/th?id=OVFT.rlcKFFDrt0CcjH4ZLq14wy&pid=News&w=234&h=132&c=14&rs=2&qlt=90,BFM Business via MSN8 j,"Alphabet publie un chiffre d'affaires en hausse de 14% sur l'année. L'intelligence artificielle aide déjà dans le ""nuage""."
Enquête antitrust de la CMA : Microsoft accuse Google et AWS de « brouiller les pistes,https://www.lemagit.fr/actualites/366599135/Enquete-antitrust-de-la-CMA-Microsoft-accuse-Google-et-AWS-de-brouiller-les-pistes,/th?id=OVFT.2f_Gn6pxWz0msLb9SEEA-y&pid=News&w=234&h=132&c=14&rs=2&qlt=90,LeMagIT5 j,Dans sa réponse à l’enquête menée par l’autorité de la concurrence et des marchés britanniques sur ses pratiques en matière ...
Mistral AI pousse ses modèles d'IA sur Google Cloud afin d'attirer plus de clients,https://www.usine-digitale.fr/article/les-modeles-de-mistral-ai-se-bousculent-sur-google-cloud.N2216608,/th?id=OVFT.97nTnOLvqjkq4jq_DKKeGi&pid=News&w=234&h=132&c=14&rs=2&qlt=90,7 j,"Le fleuron français poursuit sa stratégie de distribution de modèles sur Google Cloud. Codestral, Mistral Large 2 et Mistral ..."
Vertex AI de Google utilisera Codestral de Mistral AI,https://www.zonebourse.com/cours/action/ALPHABET-INC-24203373/actualite/Vertex-AI-de-Google-utilisera-Codestral-de-Mistral-AI-47457713/,/th?id=OVFT.3dsUeYnJ8ZVSAobuBQ61OS&pid=News&w=234&h=132&c=14&rs=2&qlt=90,7 j,"Google Cloud utilisera le modèle d'intelligence artificielle Codestral de Mistral AI pour le service Vertex AI de Google, a ..."
Un trio de LLM Mistral AI sur Google Vertex AI,https://www.lemondeinformatique.fr/actualites/lire-un-trio-de-llm-mistral-ai-sur-google-vertex-ai-94369.html,/th?id=OVFT.6cccjWoOHj2KFaSgtA_5Uy&pid=News&w=234&h=132&c=14&rs=2&qlt=90,7 j,La start-up française Mistral AI a noué un accord avec Google Cloud pour proposer en SaaS sur sa plateforme Vertex AI les LLM ...
Vanar lance une place de marché NFT et sponsorise un événement de démarrage Google Cloud,https://www.journaldutoken.com/nft/vanar-lance-une-place-de-marche-nft-et-sponsorise-un-evenement-de-demarrage-google-cloud/,/th?id=OVFT.ZTLFP1gSKoiI5s-zcAveQi&pid=News&w=234&h=132&c=14&rs=2&qlt=90,journaldutoken8 j,Vanar poursuit son expansion avec le lancement de la première place de marché NFT sur le réseau Vanar en prévision de son ...
Le cloud et l'intelligence artificielle dopent les revenus de Google,https://www.letemps.ch/cyber/intelligence-artificielle/le-cloud-et-l-intelligence-artificielle-dopent-les-revenus-de-google,/th?id=OVFT.fb5qFu4J0Gxc83CO4QgPNi&pid=News&w=234&h=132&c=14&rs=2&qlt=90,Le Temps8 j,"Alphabet, la maison mère de la firme californienne, surpasse les attentes lors de la publication mardi de ses résultats ..."
Google Photos : stocker vos clichés sur le cloud pourrait bientôt coûter moins cher,https://www.phonandroid.com/google-photos-stocker-vos-cliches-sur-le-cloud-pourrait-bientot-couter-moins-cher.html,/th?id=OVFT.w8uMCb9lgAvzVjA14Pc1Si&pid=News&w=234&h=132&c=14&rs=2&qlt=90,6 j,De récentes découvertes dans le code de la dernière mise à jour de l'application Google Photos ont peut-être mis en lumière ...
La combinaison du découpage du réseau et de l’Edge Cloud ouvre des perspectives aux entreprises comme aux opérateurs télécoms,https://www.itpro.fr/la-combinaison-du-decoupage-du-reseau-et-de-ledge-cloud-ouvre-des-perspectives-aux-entreprises-comme-aux-operateurs-telecoms/,/th?id=OVFT.mHohiiYHd2MKj0fxRvFnBy&pid=News&w=234&h=132&c=14&rs=2&qlt=90,itpro.fr2 j,Les entreprises pourront bénéficier de services déployés sur les réseaux des opérateurs télécoms en environnements ...
Les profits de Google explosent grâce au cloud et à l'intelligence artificielle,https://www.msn.com/fr-fr/actualite/technologie-digital/les-profits-de-google-explosent-gr%C3%A2ce-au-cloud-et-%C3%A0-lintelligence-artificielle/ar-BB1qxyph?ocid=BingNewsVerp,/th?id=OVFT.HjXjC3qso8VfxKNJkybDpS&pid=News&w=234&h=132&c=14&rs=2&qlt=90,8 jon MSN,Google affiche une hausse à deux chiffres de son chiffre d'affaires (+14%) et de son bénéfice net (+28%) au deuxième ...
Tenable chercherait à se vendre,https://www.lemondeinformatique.fr/actualites/lire-tenable-chercherait-a-se-vendre-94411.html,/th?id=OVFT.5eJhGL7FmaCR23929YBS5y&pid=News&w=234&h=132&c=14&rs=2&qlt=90,1 j,"Le fournisseur américain de sécurité Tenable met sur la table un scénario de cession, notamment auprès d'un fonds ..."
Résultats Alphabet : Le cloud dépasse les 10 milliards de chiffre d’affaires,https://www.channelnews.fr/resultats-alphabet-le-cloud-depasse-les-10-milliards-de-chiffre-daffaires-137173,/th?id=OVFT.p0YPpkRf-qIND5Oc1TW6GS&pid=News&w=234&h=132&c=14&rs=2&qlt=90,channelnews.fr7 j,"Alphabet, la maison mère de Google, a une nouvelle fois dépassé les attentes des analystes au second trimestre. Son chiffre d ..."
"Alphabet : Des résultats boostés par le Cloud, mais YouTube patine",https://www.zonebourse.com/cours/action/ALPHABET-INC-24203373/actualite/Alphabet-Des-resultats-boostes-par-le-Cloud-mais-YouTube-patine-47457588/,/th?id=OVFT.lBvhyH4uPjFH8ASF11zDCS&pid=News&w=234&h=132&c=14&rs=2&qlt=90,7 j,"Alphabet Inc, la maison mère de Google, a dévoilé ses résultats pour le deuxième trimestre 2024. Des chiffres robustes mais ..."
5 analystes se prononcent sur les résultats de Google,https://www.msn.com/fr-fr/actualite/other/5-analystes-se-prononcent-sur-les-r%C3%A9sultats-de-google/ar-BB1qAQQD?ocid=BingNewsVerp,/th?id=OVFT.tpj4z11Y21n08E5oCZqSGS&pid=News&w=234&h=132&c=14&rs=2&qlt=90,fr.investing.com via MSN8 j,"Alphabet (NASDAQ :GOOGL), propriétaire de Google, a publié mardi ses résultats financiers pour le deuxième trimestre fiscal, ..."
Wiz : quelle est cette société cyber qui se permet de refuser 23 milliards de dollars de Google,https://www.zdnet.fr/actualites/wiz-quelle-est-cette-societe-cyber-qui-se-permet-de-refuser-23-milliards-de-dollars-de-google-394980.htm,/th?id=OVFT.ypSY8rhRUUX1RiqYs7gbhC&pid=News&w=234&h=132&c=14&rs=2&qlt=90,9 j,Wiz fournit des solutions de cybersécurité basées sur le cloud computing. Son objectif est d'aider les entreprises à ...
"Dopé à l'IA, le cloud améliore les profits conséquents de Google",https://www.la-croix.com/dope-a-l-ia-le-cloud-ameliore-les-profits-consequents-de-google-20240723,/th?id=OVFT.Kh6CaRQqO2kY7fwDSZPuDi&pid=News&w=234&h=132&c=14&rs=2&qlt=90,8 j,Les investissements massifs de Google dans l’intelligence artificielle (IA) commencent à porter leurs fruits sur le cloud ...
Google gagne un pognon de dingue grâce à la recherche et l’IA,https://www.msn.com/fr-fr/finance/other/google-gagne-un-pognon-de-dingue-gr%C3%A2ce-%C3%A0-la-recherche-et-l-ia/ar-BB1qx7dO?ocid=BingNewsVerp,/th?id=OVFT.3wtOMW2qvEz_Je3J9rS9mC&pid=News&w=234&h=132&c=14&rs=2&qlt=90,8 jon MSN,"Google enregistre un excellent deuxième trimestre 2024, grâce à la recherche sur Internet au cloud, boosté par l'IA. Google ..."
Trois modèles Mistral AI sur Google Vertex AI,https://www.linformaticien.com/magazine/tendances/941-ia/62309-trois-modeles-mistral-ai-sur-google-vertex-ai.html,/th?id=OVFT.If2lDOeBvY2zVsMfOpeYZy&pid=News&w=234&h=132&c=14&rs=2&qlt=90,7 j,"Les nouveaux modèles de Mistral AI rejoignent les 150 modèles déjà présents dans Vertex AI Model Garden, parmi lesquels ..."
Google fait un carton au deuxième trimestre : les 2 activités qui ont boosté ses revenus,https://www.presse-citron.net/google-fait-un-carton-au-deuxieme-trimestre-les-2-activites-qui-ont-booste-ses-revenus/,/th?id=OVFT.W7RQiYEvXQ0sC49ZlI4r6i&pid=News&w=234&h=132&c=14&rs=2&qlt=90,8 j,"Google annonce de très bons résultats trimestriels grâce aux publicités et au Cloud, et malgré une baisse des revenus de ..."
Advanced Info Service choisit Oracle Alloy pour construire le premier cloud hyperscale thaïlandais détenu et exploité localement,https://www.zonebourse.com/cours/action/ORACLE-CORPORATION-13620698/actualite/Advanced-Info-Service-choisit-Oracle-Alloy-pour-construire-le-premier-cloud-hyperscale-thailandais-47525202/,/th?id=OVFT.vickNJNQK98VJq-r-RKe4C&pid=News&w=234&h=132&c=14&rs=2&qlt=90,Zonebourse6 h,"Multicloud : Des options telles que Oracle Database@Azure, HeatWave MySQL sur AWS et Microsoft Azure, Oracle Interconnect ..."
Cloud européen : OVHcloud abandonne sa plainte contre Microsoft,https://www.01net.com/actualites/cloud-europeen-ovhcloud-abandonne-plainte-contre-microsoft.html,/th?id=OVFT.6Vw7Nuuji_ZmJV5fchUnBi&pid=News&w=234&h=132&c=14&rs=2&qlt=90,Telecharger13 j,Microsoft s'éloigne de la perspective peu réjouissante d'une nouvelle enquête européenne antitrust. Le géant américain a en ...
Humana s'associe à Google Cloud pour moderniser son infrastructure et stimuler l'IA,https://www.zonebourse.com/cours/action/HUMANA-INC-13000/actualite/Humana-s-associe-a-Google-Cloud-pour-moderniser-son-infrastructure-et-stimuler-l-IA-47471253/,/th?id=OVFT.vickNJNQK98VJq-r-RKe4C&pid=News&w=234&h=132&c=14&rs=2&qlt=90,Zonebourse6 j,CenterWell annonce son intention d'ouvrir 23 centres de soins primaires pour personnes âgées dans des magasins Walmart en ...
Dernières chroniques de Jérôme Soyer,https://www.journaldunet.com/account/jerome-soyer-191022,/th?id=OJ.b9n9WKah4IFlSA&pid=news&w=43&h=16&rs=2,44 min,"Avant même de concevoir le déploiement des outils d'IA générative, tels que Copilot pour Microsoft 365, il devient impératif pour les entreprises de renforcer leur posture de sécurité des données. Séc ..."
Top 7 des services de stockage en ligne gratuit en 2024,https://www.linformatique.org/top-services-de-stockage-gratuit-2024.html,/th?id=OVFT.8NCDS4P7ciCMXcoxtkW80y&pid=News&w=234&h=132&c=14&rs=2&qlt=90,linformatique3 j,C’est le stockage cloud gratuit le plus sécurisé de notre liste. 4. Google Drive : 15 Go et tout l’écosystème Google Google ...
Top 6 des meilleurs services de stockage en ligne (cloud) en 2024,https://www.msn.com/fr-fr/actualite/technologie-et-sciences/top-6-des-meilleurs-services-de-stockage-en-ligne-cloud-en-2024/ar-BB1qPsJB?ocid=BingNewsVerp,/th?id=OVFT.X0859LgbrISq2hWtBKKqry&pid=News&w=234&h=132&c=14&rs=2&qlt=90,Meilleure Innovation via MSN2 j,"De nos jours, les fichiers deviennent de plus en plus gros et les services de stockage en ligne sont devenus incontournables."
Le cloud tempère la passion pour Microsoft et l'IA,https://www.la-croix.com/microsoft-a-degage-22-milliards-usd-de-profits-trimestriels-mais-son-cloud-decoit-20240730,/th?id=OVFT.X_jp7gPmq1H3hjthdrIQMi&pid=News&w=234&h=132&c=14&rs=2&qlt=90,1 j,"Microsoft a déçu le marché mardi, malgré des résultats trimestriels supérieurs aux prévisions, à cause de la performance de ..."
Plateformes d'observabilité : toutes identiques et pourtant si différentes,https://www.journaldunet.com/solutions/analytics/1532255-plateformes-d-observabilites-toutes-identiques-et-pourtant-si-differentes/,/th?id=OVFT.ivQCn4D4Pjed437JI8B2_i&pid=News&w=234&h=132&c=14&rs=2&qlt=90,3 h,Une pléthore d'offres utilisent toutes le même argumentaire sans pour autant offrir des solutions équivalentes et galvaudent ...
Wiz ferme la porte à Google et à un chèque de 23 milliards de dollars,https://www.journaldugeek.com/2024/07/28/wiz-ferme-la-porte-a-google-et-a-un-cheque-de-23-milliards-de-dollars/,/th?id=OVFT.6VZTNCmxao-mXh8zKmiOkC&pid=News&w=234&h=132&c=14&rs=2&qlt=90,4 j,"Wiz a mis fin aux négociations avec Alphabet, la maison mère de Google, qui proposait de signer un chèque de 23 milliards de ..."
Coûts du Cloud : des frais peuvent en cacher d’autres…,https://www.informatiquenews.fr/couts-du-cloud-des-frais-peuvent-en-cacher-dautres-eric-peters-wasabi-100001,/th?id=OVFT.GUve_VxkC9fG1Ns04jnrOS&pid=News&w=234&h=132&c=14&rs=2&qlt=90,informatiquenews.fr8 j,"Les coûts de récupération des données dans le cloud peuvent rapidement dépasser les prévisions initiales des entreprises, ..."
Groupe Google Inc : Graphique Relationnel,https://www.zonebourse.com/cours/action/GOOGLE-INC-13656642/societe-groupe/,No Image,Zonebourse1 j,"The company is based in New Delhi, India. Google Cloud India Pvt Ltd. Google Cloud India Pvt Ltd. Information Technology ServicesTechnology Services Google Cloud India Pvt Ltd. provides computer ..."
Wiz rejette l'offre de rachat à 23 milliards de Google,https://www.lesechos.fr/tech-medias/hightech/wiz-rejette-loffre-de-rachat-a-23-milliards-de-google-2109506,/th?id=OVFT.Dii0kuYst0GDrZ2f6M_wUi&pid=News&w=234&h=132&c=14&rs=2&qlt=90,9 j,La capacité de cette start-up à identifier très tôt les menaces cyber dans le cloud grâce à l'intelligence artificielle ...
"AvePoint, Inc. annonce la disponibilité générale de Cloud Backup Express",https://www.zonebourse.com/cours/action/AVEPOINT-INC-124414768/actualite/AvePoint-Inc-annonce-la-disponibilite-generale-de-Cloud-Backup-Express-47520692/,/th?id=OVFT.9Q1Rl0xaOwPo4sGAwPLCUS&pid=News&w=234&h=132&c=14&rs=2&qlt=90,18 h,"AvePoint a annoncé la disponibilité générale d'AvePoint Cloud Backup Express, conçu pour utiliser Microsoft 365 Backup ..."
Mizuho relève l'objectif de cours de l'action Alphabet à 210 $ ; tous les regards se tournent vers l'IA de Google et le Pixel Day,https://fr.investing.com/news/company-news/mizuho-releve-lobjectif-de-cours-de-laction-alphabet-a-210---tous-les-regards-se-tournent-vers-lia-de-google-et-le-pixel-day-93CH-2495483,/th?id=OVFT.s86XHDsKmGYiicVkSfluTC&pid=News&w=234&h=132&c=14&rs=2&qlt=90,Investing7 j,"Toutefois, l'entreprise prévoit que l'ampleur des gains provenant des avancées de l'IA dans la Google Cloud Platform et les ..."
Google Drive rattrape (un peu) son retard sur la numérisation de document,https://www.msn.com/fr-fr/actualite/technologie-et-sciences/google-drive-rattrape-un-peu-son-retard-sur-la-num%C3%A9risation-de-document/ar-BB1qTTjF?ocid=BingNewsVerp,/th?id=OVFT.-sKooRUpgvZ7-iM3xJUGjy&pid=News&w=234&h=132&c=14&rs=2&qlt=90,Frandroid via MSN1 j,Le scanner de documents de Google Drive se complète peu à peu. De quoi donner un coup de pied dans la fourmilière aux outils ...
Apple Intelligence : Les premiers pas de l’IA générative avec du matériel Google,https://www.blog-nouvelles-technologies.fr/299524/apple-intelligence-materiel-google/,/th?id=OJ.ws8krVnt0ViqOg&pid=news&w=32&h=16&rs=2,1 j,"La version bêta d’Apple Intelligence révèle qu’Apple a utilisé des clusters de Google Cloud TPU pour développer son IA générative. Bien qu’initialement dépendant du matériel Google, Apple prévoit de t ..."
Google Workspace vs Microsoft 365 : Quelle suite de productivité choisir,https://www.blog-nouvelles-technologies.fr/298648/google-workspace-vs-microsoft-365/,/th?id=OVFT.u2-PIZvxM5NHz7qv7GJ7kC&pid=News&w=234&h=132&c=14&rs=2&qlt=90,10 j,"Découvrez les différences entre Google Workspace et Microsoft 365, deux suites de productivité populaires. Ce guide examine ..."
Google ne conclura pas son rachat historique : voici pourquoi,https://www.presse-citron.net/google-ne-conclura-pas-son-rachat-historique-voici-pourquoi/,/th?id=OVFT.a6rNMACV5j3_UwBQZAXvgS&pid=News&w=234&h=132&c=14&rs=2&qlt=90,Presse-citron.net9 j,Wiz est une entreprise spécialisée dans les solutions de cybersécurité dans le cloud. Celle-ci a été fondée en 2020 par ...
Les résultats d'Alphabet portés par le cloud,https://www.lesechos.fr/tech-medias/hightech/les-resultats-dalphabet-portes-par-le-cloud-2109749,/th?id=OVFT.un3Y4e-AKc6WAjhFXOUXEC&pid=News&w=234&h=132&c=14&rs=2&qlt=90,8 j,La maison mère de Google a dégagé 24 milliards de dollars de bénéfice sur le seul deuxième trimestre. Le cloud a passé la ...
Cybersécurité : pourquoi Wiz a refusé les 23 milliards de dollars de Google,https://www.msn.com/fr-fr/finance/other/cybers%C3%A9curit%C3%A9-pourquoi-wiz-a-refus%C3%A9-les-23-milliards-de-dollars-de-google/ar-BB1qD38j?ocid=BingNewsVerp,/th?id=OVFT.4iLrcalhivYaYN6_ybgOEy&pid=News&w=234&h=132&c=14&rs=2&qlt=90,6 jon MSN,La start-up israélienne préfère attendre afin de maximaliser les chances d’une prochaine introduction en Bourse. Pari risqué ...
Sécurité cloud : l’acquisition à 23 milliards de dollars qui n’aura pas lieu,https://www.lemagit.fr/actualites/366596501/Securite-cloud-lacquisition-a-23-milliards-de-dollars-qui-naura-pas-lieu,/th?id=OVFT.ImRb50setnn2R3EmnJ4Csi&pid=News&w=234&h=132&c=14&rs=2&qlt=90,LeMagIT9 j,"Le rachat de la jeune pousse Wiz.io par Alphabet, la maison mère de Google, n’aura pas lieu ... Wiz – éditeur d’une ..."
Wiz aurait décliné l'offre d'acquisition colossale de Google,https://www.clubic.com/actualite-533322-wiz-aurait-decline-l-offre-d-acquisition-colossale-de-google.html,/th?id=OVFT.omKfuMBiO2q6pMjk_p7iGy&pid=News&w=234&h=132&c=14&rs=2&qlt=90,9 j,"La start-up de cybersécurité Wiz aurait refusé une offre alignée par Alphabet, la maison-mère de Google, qui en aurait fait ..."
Les résultats d'Alphabet surpassent les attentes avec une forte croissance des activités cloud,https://www.journaldunet.com/economie/services/1532071-les-resultats-d-alphabet-surpassent-les-attentes-avec-une-forte-croissance-du-cloud/,/th?id=OVFT.PYCs3pUKfOe8cutXFToGEi&pid=News&w=234&h=132&c=14&rs=2&qlt=90,8 j,La maison mère de Google a annoncé un bénéfice de 24 milliards de dollars pour le deuxième trimestre. Ces résultats dépassent ...
Cybersécurité : le mariage entre Google et Wiz tombe à l’eau,https://www.msn.com/fr-fr/finance/other/cybers%C3%A9curit%C3%A9-le-mariage-entre-google-et-wiz-tombe-%C3%A0-l-eau/ar-BB1qtRZh?ocid=BingNewsVerp,/th?id=OVFT.oFsdoozW0pBGs85ivetjjy&pid=News&w=234&h=132&c=14&rs=2&qlt=90,Economie Matin via MSN8 j,"23 milliards de dollars. Alphabet, la maison-mère de Google, avait proposé à Wiz un chèque de 23 milliards de dollars pour ..."
Cloud : Microsoft et le CISPE enterrent la hache de guerre mais Google souffle sur les braises,https://www.zdnet.fr/actualites/cloud-microsoft-et-le-cispe-enterrent-la-hache-de-guerre-mais-google-souffle-sur-les-braises-394756.htm,/th?id=OVFT.LljHInNEnBB_H0OShFgwtS&pid=News&w=234&h=132&c=14&rs=2&qlt=90,15 j,"Le CISPE, organisation représentant les acteurs européens du cloud, a annoncé la semaine dernière être parvenue à un accord ..."
Maxthon Cloud Browser,https://www.clubic.com/telecharger-fiche11007-maxthon.html,No Image,Télécharger3 j,"Si le navigateur Web doit aujourd'hui faire face à une foule de concurrents, Google Chrome en pole position ... Depuis la version 4, Maxthon se nomme Maxthon Cloud Browser."
Microsoft Office 2013,https://www.clubic.com/telecharger-fiche428848-microsoft-office-2013.html,No Image,Télécharger2 j,"Sans révolutionner ses outils par rapport à l'édition 2011, cette version apporte bon nombre d'améliorations et réussit son entrée dans le Cloud et s'ouvre aux interfaces tactiles."
Pourquoi WIZ renonce aux 23 milliards de dollars de Google,https://www.solutions-numeriques.com/pourquoi-wiz-renonce-aux-23-milliards-de-dollars-de-google/,/th?id=OVFT.E3jU1icj4lwzlCBxlPYjyi&pid=News&w=234&h=132&c=14&rs=2&qlt=90,solutions-numeriques.com8 j,"« La cyber-panne mondiale de la semaine dernière, provoquée par une mise à jour erronée de la société de cybersécurité ..."
Microsoft trébuche: L’IA et le cloud ne convainquent pas Wall Street,https://trends.levif.be/entreprises/microsoft-trebuche-lia-et-le-cloud-ne-convainquent-pas-wall-street/,/th?id=OVFT.qNQ-urulYaNSYtIthVerYS&pid=News&w=234&h=132&c=14&rs=2&qlt=90,le Vif1 j,"Souvent considéré comme le leader de la course à l’intelligence artificielle (IA) générative, Microsoft voit désormais ses ..."
"Alphabet solide dans le cloud, mais Wall Street reste sur sa faim",https://www.boursier.com/actions/actualites/news/alphabet-solide-dans-le-cloud-mais-wall-street-reste-sur-sa-faim-934556.html,/th?id=OVFT.6GJMplSiCeR0yNV_zBeOvi&pid=News&w=234&h=132&c=14&rs=2&qlt=90,8 j,"(Boursier.com) — Alphabet abandonnait un peu plus de 2% après bourse à Wall Street hier soir. Pourtant, le groupe californien ..."
"Les ventes et les bénéfices trimestriels d'Alphabet, la maison mère de Google, augmentent",https://www3.nhk.or.jp/nhkworld/fr/news/20240724_17/,/th?id=OVFT.Bsn2xlUco0mq57oCIzN5Ly&pid=News&w=234&h=132&c=14&rs=2&qlt=90,8 j,"Alphabet, la société mère du géant américain de l'informatique Google, a fait état d'une hausse des ventes et des bénéfices ..."
Cybersécurité : Google sur le point de racheter la start-up Wiz pour 23 milliards de dollars,https://www.usine-digitale.fr/article/cybersecurite-google-sur-le-point-de-racheter-la-start-up-wiz-pour-23-milliards-de-dollars.N2216214,/th?id=OVFT.W8XJikr9anflaMPoZEkJZC&pid=News&w=234&h=132&c=14&rs=2&qlt=90,17 j,"Le géant du web s’apprêterait à racheter la start-up Wiz, basée à New York et spécialisée dans la cybersécurité dans le cloud ..."
Google et Wiz : une acquisition majeure pour l’avenir de la cybersécurité,https://siecledigital.fr/2024/07/17/google-et-wiz-une-acquisition-majeure-pour-lavenir-de-la-cybersecurite/,/th?id=OVFT.rgkE82xOQZuLZ53HvweucC&pid=News&w=234&h=132&c=14&rs=2&qlt=90,15 j,Découvre en plus sur Google et Wiz : une acquisition majeure pour l'avenir de la cybersécurité publié dans la catégorie ...
Cybersécurité : Wiz décline l'offre de rachat à 23 milliards de dollars de Google,https://www.usine-digitale.fr/article/cybersecurite-wiz-decline-l-offre-de-rachat-a-23-milliards-de-dollars-de-google.N2216214,/th?id=OVFT.lgwFNlGvoxyuJY6lELTiLS&pid=News&w=234&h=132&c=14&rs=2&qlt=90,17 j,"La start-up Wiz, basée à New York et spécialisée dans la cybersécurité dans le cloud, a rejeté l'offre de rachat de Google ..."
Google aurait proposé plus de 500 millions de dollars à des entreprises cloud de l’UE pour maintenir leur procès antitrust contre Microsoft,https://www.msn.com/fr-fr/finance/other/google-aurait-propos%C3%A9-plus-de-500-millions-de-dollars-%C3%A0-des-entreprises-cloud-de-l-ue-pour-maintenir-leur-proc%C3%A8s-antitrust-contre-microsoft/ar-BB1q9q60?ocid=BingNewsVerp,/th?id=OJ.NNlYqYMLuMGtZw&pid=news&w=72&h=16&rs=2,15 jon MSN,"Selon Bloomberg, Google aurait offert 512 millions de dollars, soit environ 470 millions d’euros, à un groupe d’entreprises de cloud basées en Europe dans une tentative d’entraver un règlement ..."
Apple et Google facilitent le transfert de google photos vers iCloud,https://www.ecranmobile.fr/Apple-et-Google-facilitent-le-transfert-de-google-photos-vers-iCloud_a76861.html,/th?id=OVFT.N9VwC4bQKJvGozf880OJMy&pid=News&w=234&h=132&c=14&rs=2&qlt=90,Écran Mobile16 j,Apple et Google facilitent désormais le transfert de photothèques de Google Photos vers iCloud Photos grâce à un nouvel outil ...
Google prêt à croquer Wiz pour 23 Md$,https://www.lemondeinformatique.fr/actualites/lire-google-pret-a-croquer-wiz-pour-23-md$-94289.html,/th?id=OVFT.i6tZZ4QEagDyPf0TBcrZWS&pid=News&w=234&h=132&c=14&rs=2&qlt=90,17 j,"La firme de Mountain View négocierait le rachat de la start-up américano-israélienne Wiz, spécialisé dans la sécurité du ..."
Cloud computing : qu'est-ce que c'est,https://www.futura-sciences.com/tech/definitions/informatique-cloud-computing-11573/,No Image,Fonds5 j,"PaaS (Platform as a Service, en anglais) : dans ce mode, c'est le fournisseur du service cloud qui administre le système d'exploitation et ses outils. Le client peut installer ses propres ..."
Google en passe d’annoncer une méga-acquisition dans la sécurité,https://www.channelnews.fr/google-en-passe-dannoncer-une-mega-acquisition-dans-la-securite-136913,/th?id=OVFT.p0YPpkRf-qIND5Oc1TW6GS&pid=News&w=234&h=132&c=14&rs=2&qlt=90,channelnews.fr16 j,"Après avoir abandonné son projet d’acquisition de HubSpot, Alphabet négocie à présent l’achat de Wiz, une start-up de ..."
C3 AI lance l'application C3 Generative AI for Government Programs avec Google Cloud,https://www.zonebourse.com/cours/action/C3-AI-INC-116373775/actualite/C3-AI-lance-l-application-C3-Generative-AI-for-Government-Programs-avec-Google-Cloud-47382723/,/th?id=OVFT.vickNJNQK98VJq-r-RKe4C&pid=News&w=234&h=132&c=14&rs=2&qlt=90,Zonebourse16 j,"Fonctionnant sur Google Cloud, C3 Generative AI for Government Programs peut supporter un grand volume de demandes et offrir ..."
Cloud computing : infrastructure et logiciels dans les nuages,https://www.journaldunet.com/cloud/,No Image,journaldunet.com28 j,"Le cloud computing permet d'accéder à des logiciels en ligne, sous forme d'abonnement, dans de nombreux domaines : ERP, CRM, et autres applications métiers... Mais aussi à des services de ..."
"Qui est Wiz, la cyberpépite israélienne du cloud dans le viseur de Google pour 23 milliards de dollars",https://www.usinenouvelle.com/article/qui-est-wiz-la-cyberpepite-israelienne-du-cloud-dans-le-viseur-de-google-pour-23-milliards-de-dollars.N2216280,/th?id=OVFT.Oxs66Ybgw2RCZbUkFZ4jji&pid=News&w=234&h=132&c=14&rs=2&qlt=90,L'Usine Nouvelle15 j,"Google, la firme de Moutain View, négocierait l’acquisition de la firme Wiz d’origine israélienne, spécialisée dans la ..."
"Qui est Wiz, ce champion de la cybersécurité que Google veut racheter 23 milliards de dollars",https://www.lesechos.fr/tech-medias/hightech/qui-est-wiz-ce-champion-de-la-cybersecurite-que-google-veut-racheter-23-milliards-de-dollars-2107805,/th?id=OVFT.M2H-B87q_eDX-VzJo3rtzi&pid=News&w=234&h=132&c=14&rs=2&qlt=90,17 j,"La start-up israélo-américaine spécialiste de la cybersécurité dans le cloud pourrait devenir, en seulement quatre ans ..."
Licence cloud : La Cispe lâche sa plainte contre Microsoft,https://www.lemondeinformatique.fr/actualites/lire-licence-cloud-la-cispe-lache-sa-plainte-contre-microsoft-94260.html,No Image,Le Monde Informatique22 j,"A noter que l’accord ne concerne pas Amazon Web Services, Google Cloud Platform et AliCloud. GCP n’a pas d’ailleurs pas tardé à réagir par la voix de Amit Zavery, vice-président en ..."
"Qui est Wiz, la start-up que Google veut racheter pour la somme record de 23 milliards de dollars",https://www.presse-citron.net/qui-est-wiz-la-start-up-que-google-veut-racheter-pour-la-somme-record-de-23-milliards-de-dollars/,/th?id=OJ.Hrfzt7URa49Prg&pid=news&w=119&h=16&rs=2,15 j,"Une telle acquisition éclipserait la plus grande opération menée par Google à ce jour : le rachat de Motorola Mobility pour 12,5 milliards de dollars en 2012. La société a également racheté le ..."
Australie : 125 milliards de dollars de fonds de pension s’évaporent dans le Cloud de Google,https://www.msn.com/fr-fr/finance/other/australie-125-milliards-de-dollars-de-fonds-de-pension-s-%C3%A9vaporent-dans-le-cloud-de-google/ar-BB1mjXrb?ocid=BingNewsVerp,/th?id=ORMS.d62bc19d9a2fbd9934def865ef0a8eeb&pid=Wdp&w=234&h=132&c=14&rs=2&qlt=90,20 Minutes via MSN2 mois,"La semaine dernière, Google Cloud, une structure du géant californien, a malencontreusement supprimé 125 milliards de dollars ..."
"Cloud Technologies S.A. (WSE:CLD) a acquis Nordic Data Resources As pour 19,1 millions de couronnes norvégiennes.",https://www.zonebourse.com/cours/action/CLOUD-TECHNOLOGIES-S-A-26159231/actualite/Cloud-Technologies-S-A-WSE-CLD-a-acquis-Nordic-Data-Resources-As-pour-19-1-millions-de-couronnes-47407335/,/th?id=OVFT.vickNJNQK98VJq-r-RKe4C&pid=News&w=234&h=132&c=14&rs=2&qlt=90,20 j,"Cloud Technologies S.A. a acquis Nordic Data Resources As pour 19,1 millions de couronnes norvégiennes le 12 juillet 2024."
Apple et Google simplifient le transfert de la photothèque Google Photos vers iCloud,https://www.01net.com/actualites/apple-google-simplifient-transfert-phototheque-google-photos-icloud.html,No Image,Telecharger21 j,"Il sera bientôt plus facile de transférer une photothèque Google Photos vers iCloud Photos. Apple et Google, qui travaillent ensemble sur le sujet depuis des années, ont créé des passerelles ..."
La portabilité de Google Photos vers Photos iCloud simplifiée,https://www.msn.com/fr-fr/actualite/technologie-et-sciences/la-portabilit%C3%A9-de-google-photos-vers-photos-icloud-simplifi%C3%A9e/ar-BB1pOu3w?ocid=BingNewsVerp,No Image,Hébergé sur MSN20 j,Un nouvel outil de transfert de données va grandement faciliter la bascule de son contenu sur Google Photos vers Photos iCloud. Il va désormais être plus simple de transférer toute sa ...
xAI abandonne son extension de contrat cloud à 10 Md$ avec Oracle,https://www.lemondeinformatique.fr/actualites/lire-xai-abandonne-son-extension-de-contrat-cloud-a-10-md$-avec-oracle-94250.html,No Image,Le Monde Informatique22 j,Le même média avait dévoilé ses discussions en mai dernier pour louer des serveurs IA dans le cloud d’Oracle. xAI a besoin de beaucoup de ressources de calcul pour entraîner son LLM Grok.
Microsoft déçoit malgré les bons résultats financiers,https://www.journaldunet.com/,No Image,journaldunet.com12 j,"La société technologique enregistre une hausse significative de son chiffre d'affaires annuel, mais le ralentissement de sa plateforme de cloud computing Azure laisse les investisseurs sur leur ..."
GenAI : Google agrandit sa famille de LLM Gemma 2 et met l'accent sur la sécurité,https://www.usine-digitale.fr/article/genai-google-agrandit-sa-famille-de-llm-gemma-et-devoile-plusieurs-modeles-compacts.N2216872,/th?id=OVFT.4_c6vXR-unPHEvD1j5EKVS&pid=News&w=234&h=132&c=14&rs=2&qlt=90,L'Usine Digitale13 h,"Autre avantage : Google affirme qu'il est possible d'exécuter ce modèle léger dans le cloud ou en local sur divers appareils, ..."
La collaboration secrète entre Apple et Google qui va transformer votre iPhone (ou votre Mac),https://www.presse-citron.net/la-collaboration-secrete-entre-apple-et-google-qui-va-transformer-votre-iphone-ou-votre-mac/,/th?id=OVFT.rjK8QgFW19dLkWsLxHpQmi&pid=News&w=234&h=132&c=14&rs=2&qlt=90,20 min,Apple vient de publier un document de 47 pages sur son modèle de fondation qui propulse les fonctionnalités Apple ...
DSA : la Commission cherche à s'outiller pour vérifier la conformité,https://www.zdnet.fr/actualites/dsa-la-commission-cherche-a-soutiller-pour-verifier-la-conformite-395389.htm,/th?id=OVFT.SAIVeh_14SkPdhFAfpLNYC&pid=News&w=234&h=132&c=14&rs=2&qlt=90,1 j,"À travers un appel d'offre, la Commission européenne détaille les critères des outils qu'elle cherche à obtenir afin de ..."
Les données des Jeux olympiques de Paris pourraient contribuer à réduire la consommation d'énergie lors des prochains J.O.,https://www.zdnet.fr/actualites/les-donnees-des-jeux-olympiques-de-paris-pourraient-contribuer-a-reduire-la-consommation-denergie-lors-des-prochains-j-o-395276.htm,/th?id=OVFT.0ug6m2egR6U3pFaXHJoqQi&pid=News&w=234&h=132&c=14&rs=2&qlt=90,2 j,"Des compteurs intelligents installés sur tous les sites des compétitions pourraient fournir des informations qui, selon le ..."
Opinion | CMA CGM - Google : un partenariat qui promet,https://www.lesechos.fr/idees-debats/cercle/opinion-cma-cgm-google-un-partenariat-qui-promet-2111158,/th?id=OVFT.2R1-6qceAreChzDXz6bERy&pid=News&w=234&h=132&c=14&rs=2&qlt=90,2 j,"C'est officiel, CMA CGM lance un partenariat de cinq ans avec Google pour accélérer son développement de l'intelligence ..."
Google Docs,https://www.cnetfrance.fr/telecharger/google-docs-40347016s.htm,No Image,CNETFrance1 a,"Si vous êtes un utilisateur de Microsoft Word qui n'a pas pu justifier le coût de Microsoft 365, Google Docs est peut-être fait pour vous : il est gratuit, il utilise le stockage sur le cloud ..."
News Cloud,https://www.itespresso.fr/actualites/cloud/page/2?pos=header_0_menuItem%5C%27A%3D0&t=2c7ae0814f82f77ec695113393e113f42010998,/th?id=ODF.qlYMBIvZmxAnthyjp32JvA&pid=news&w=16&h=16&c=14&rs=2&qlt=90,ITespresso.fr3 mois,"À l'approche du Chrome OS Demo Day, Google met en lumière des outils destinés à favoriser la migration de parcs Windows. Pour la première fois, les ventes mondiales de produits d'infrastructure pour l ..."
Microsoft Office fait partie de Microsoft 365,https://www.microsoft.com/fr-fr/microsoft-365/microsoft-office,No Image,Microsoft1 mois,"Plateforme de productivité cloud puissante, Microsoft 365 inclut des applications ... sur Windows via le Microsoft Store, ainsi que sur le Google Play Store et l’App Store d’Apple. Pour profiter de ..."
Tech : digitaliser son système d'information,https://www.journaldunet.com/web-tech/,No Image,journaldunet.com2 a,Google peut-il survivre à cette nouvelle concurrence ... technologique entre les États L'oligopole des hyperscalers cloud entrave l'innovation technologique. L'émergence de l'IA accroit ...
Une application pour tous les appareils,https://www.microsoft.com/fr-fr/power-platform/products/power-bi/mobile,No Image,Microsoft1 a,Surveillez votre entreprise directement à partir de votre téléphone. Accédez à des données locales stockées dans SQL Server ou à des données dans le cloud. Gardez le contrôle en déplacement des ...
Comment Google Photos vous permettra d'oublier les mauvais souvenirs d'une personne en un rien de temps,https://www.clubic.com/actualite-533880-comment-google-photos-vous-permettra-d-oublier-les-mauvais-souvenirs-d-une-personne.html,/th?id=OVFT.u8elERUuMomuGZAGG6f0pS&pid=News&w=234&h=132&c=14&rs=2&qlt=90,2 j,Google Photos s'apprête à simplifier la gestion des visages dans votre galerie numérique. Une prochaine mise à jour de ...
Apache Iceberg : Snowflake libère Polaris et s’allie à Dremio,https://www.lemagit.fr/actualites/366599652/Apache-Iceberg-Snowflake-libere-Polaris-et-sallie-a-Dremio,/th?id=OVFT.xiOfoRQ1n2clmk5CB5zr3S&pid=News&w=234&h=132&c=14&rs=2&qlt=90,LeMagIT1 j,"Pour rappel, Dremio est davantage un concurrent de Starburst que de Snowflake avec ses fonctions de fédération de requêtes."
"Google lance Gemini 1.5 Flash plus rapide, plus intelligent et gratuit",https://www.zdnet.fr/actualites/google-lance-gemini-1-5-flash-plus-rapide-plus-intelligent-et-gratuit-395197.htm,/th?id=OVFT.3iKTOyjz8X4ArBA0TCcpdC&pid=News&w=234&h=132&c=14&rs=2&qlt=90,3 j,"Temps de réponse plus rapide et compréhension améliorée, Gemini 1.5 Flash entre dans l'arène de l'IA générative."
"La Google Pixel Watch 3 pourrait corriger les principaux défauts de la Pixel Watch 2, mais la XL ne sera pas bon marché",https://www.zdnet.fr/actualites/la-google-pixel-watch-3-pourrait-corriger-les-principaux-defauts-de-la-pixel-watch-2-mais-la-xl-ne-sera-pas-bon-marche-394759.htm,/th?id=OVFT.YexPmytBBF28M7dGHIwQnC&pid=News&w=234&h=132&c=14&rs=2&qlt=90,ZDNet14 j,L’opérateur a mis en place auprès de ses conseillers clientèle un outil basé sur le modèle d’IA générative de Google Cloud : ...
CMA CGM embarque l'IA de Google pour améliorer ses opérations,https://www.lesechos.fr/industrie-services/tourisme-transport/cma-cgm-embarque-lia-de-google-pour-ameliorer-ses-operations-2108658,/th?id=OVFT.HNTs1vkMJ1eYPCZkLElkQC&pid=News&w=234&h=132&c=14&rs=2&qlt=90,14 j,Le troisième armateur mondial noue un partenariat avec Google pour améliorer l'efficacité de ses opérations maritimes et ...
Apple : des puces Google plutôt que Nvidia,https://www.boursier.com/actions/actualites/news/apple-des-puces-google-plutot-que-nvidia-935162.html,/th?id=OVFT.CK5ktHMpuHFh8Y4HA4qv4i&pid=News&w=234&h=132&c=14&rs=2&qlt=90,2 j,Apple se serait appuyé sur des puces conçues par Google (Alphabet) plutôt que sur les produits du leader du secteur Nvidia ...
Le régulateur britannique de la concurrence enquête sur le partenariat entre Google et Anthropic,https://www.usine-digitale.fr/article/le-regulateur-britannique-de-la-concurrence-enquete-sur-le-partenariat-entre-google-et-anthropic.N2216818,/th?id=OVFT.Jy6NhqAagAZfTeoAAYWjWy&pid=News&w=234&h=132&c=14&rs=2&qlt=90,1 j,"Après Microsoft et Inflection AI, c'est au tour d'Alphabet et d'Anthropic de passer au scanner de la Competition and Markets ..."
Google Montréal : 20 ans d’innovation et de croissance,https://www.conseiller.ca/nouvelles/industrie/google-montreal-20-ans-dinnovation-et-de-croissance/,/th?id=OVFT.oJi0VFgDvA5sWE4sKhuIRC&pid=News&w=234&h=132&c=14&rs=2&qlt=90,Conseiller6 j,"Par ses solutions technologiques innovantes, Google Montréal participe à la croissance de plusieurs industries au Québec, ..."
Deux intelligences artificielles de Google remportent la médaille d'argent des mathématiques,https://www.msn.com/fr-fr/actualite/technologie-et-sciences/deux-intelligences-artificielles-de-google-remportent-la-m%C3%A9daille-dargent-des-math%C3%A9matiques/ar-BB1qCL5N?ocid=BingNewsVerp,/th?id=OVFT.xFzW3DjSHz5hTws_CrUxjS&pid=News&w=234&h=132&c=14&rs=2&qlt=90,BFM Business via MSN6 j,Les intelligences artificielles de Google ont résolu quatre des six problèmes aux Olympiades Internationales de Mathématiques ...
Apple affirme ne pas utiliser de GPU Nvidia pour entraîner ses modèles d'IA,https://www.zonebourse.com/cours/action/NVIDIA-CORPORATION-57355629/actualite/Apple-affirme-ne-pas-utiliser-de-GPU-Nvidia-pour-entrainer-ses-modeles-d-IA-47496815/,/th?id=OVFT.7oeRPJm0NaKE391qx2qZvi&pid=News&w=234&h=132&c=14&rs=2&qlt=90,2 j,Apple s'est appuyé sur des puces conçues par Google plutôt que sur Nvidia pour construire sa nouvelle infrastructure ...
Google prépare Google One Lite : Une option d’abonnement plus abordable,https://www.blog-nouvelles-technologies.fr/299225/google-one-lite-nouvel-abonnement/,/th?id=OVFT.V5BqU2HwXdbnlSBLKEMjNC&pid=News&w=234&h=132&c=14&rs=2&qlt=90,Le Blog des Nouvelles Technologies6 j,"tels que l’accès à de nouvelles fonctionnalités de Google Photos ou une petite quantité de stockage cloud, avec l’achat d’un ..."
Google change d'avis et garde les cookies,https://www.msn.com/fr-ch/actualite/other/google-revient-en-arri%C3%A8re-et-garde-les-cookies/ar-BB1qrCsP?ocid=BingNewsVerp,/th?id=OVFT.cK6vqBlqMtMkC2hfVuRUwS&pid=News&w=234&h=132&c=14&rs=2&qlt=90,20 Minutes Switzerland via MSN9 j,"Google devait abandonner les ""cookies"" de suivi des utilisateurs sur son navigateur Chrome à partir de cet été, mais le géant ..."
L’autorité de régulation britannique examine le partenariat Google-Anthropic,https://www.servicesmobiles.fr/lautorite-de-regulation-britannique-examine-le-partenariat-google-anthropic-99837,/th?id=OVFT.9NH1gUtmCevA8FzxgALj4y&pid=News&w=234&h=132&c=14&rs=2&qlt=90,Services Mobiles1 j,"Le CMA envisage de déterminer si le contrat avec une startup d'IA peut être considéré comme une fusion potentielle, ce qui ..."
Apple a eu besoin de Google pour démarrer le projet Apple Intelligence,https://iphonesoft.fr/2024/07/30/rapport-revele-qu-apple-besoin-google-demarrer-projet-apple-intelligence,/th?id=OVFT.NVypj-cOz809F328gT6H9i&pid=News&w=234&h=132&c=14&rs=2&qlt=90,2 j,"Quand OpenAI a montré au monde entier les avancées spectaculaires de l'intelligence artificielle générative avec ChatGPT, ..."
Fin du chat et des appels Google Business Profiles : quelles solutions,https://www.abondance.com/20240730-613935-fin-chat-appels-google-business-profile.html,/th?id=OVFT.Z-nNW8tQBkX7J4zsZ1gEAC&pid=News&w=234&h=132&c=14&rs=2&qlt=90,1 j,Google supprime demain ses fonctionnalités de chat et d'historique des appels de Google Business Profile (ex Google My ...
Apple Intelligence : les modèles IA d’Apple ont été entraînés par des puces Google,https://www.01net.com/actualites/apple-intelligence-modeles-ia-apple-entraines-puces-google.html,/th?id=OVFT.nQSuw19SXYH0oW7k1b_a3C&pid=News&w=234&h=132&c=14&rs=2&qlt=90,Telecharger2 j,"Apple a lancé hier soir la première fournée de fonctions Apple Intelligence, au travers d'une bêta d'iOS 18.1 et de macOS ..."
Pegasystems obtient un nouveau procès en Virginie dans une affaire de secrets commerciaux contre Appian,https://www.zonebourse.com/cours/action/PEGASYSTEMS-INC-10434/actualite/Pegasystems-obtient-un-nouveau-proces-en-Virginie-dans-une-affaire-de-secrets-commerciaux-contre-Ap-47507970/,/th?id=OVFT.9Q1Rl0xaOwPo4sGAwPLCUS&pid=News&w=234&h=132&c=14&rs=2&qlt=90,1 j,"-- Pegasystems a obtenu un nouveau procès en Virginie dans une affaire de secrets commerciaux contre Appian , selon un ..."
Google aidera le Vietnam à développer l'IA,https://fr.dangcongsan.vn/economie/google-aidera-le-vietnam-a-developper-l-ia-30005184.html,/th?id=ODF.8Huz6Rmkkc4SPMJly7EBuQ&pid=news&w=16&h=16&c=14&rs=2&qlt=90,fr.dangcongsan3 j,"Google offrira 40.000 bourses avec 10 cours intensifs d'intelligence artificielle (IA) aux fonctionnaires, étudiants et professeurs de plus de 80 universités à travers le pays."
Google va lancer le TV Streamer : voici à quoi ressemble le successeur du Chromecast,https://www.tomsguide.fr/google-va-lancer-le-tv-streamer-voici-a-quoi-ressemble-le-successeur-du-chromecast/,/th?id=OVFT.kas_AvAnL6oL82rsC-eoiC&pid=News&w=234&h=132&c=14&rs=2&qlt=90,9 j,Google va abandonner le Chromecast au profit d'un nouvel appareil pour transformer n'importe quel écran en smart TV. Nommé ...
Comment Google a fait travailler les internautes gratuitement pendant 800 millions d’heures,https://www.msn.com/fr-fr/actualite/technologie-et-sciences/comment-google-a-fait-travailler-les-internautes-gratuitement-pendant-800-millions-d-heures/ar-BB1qynfK?ocid=BingNewsVerp,/th?id=OVFT.eJrC8JRp9ghJbhbhXIEDkS&pid=News&w=234&h=132&c=14&rs=2&qlt=90,BFM Business via MSN7 j,"Selon des chercheurs, les internautes ont perdu 819 millions d’heures de travail humain avec le service de test CAPTCHA dé ..."
Wiz rejette l’offre de rachat de Google,https://www.channelnews.fr/wiz-rejette-loffre-de-rachat-de-google-137143,/th?id=OVFT.8y21fDQGY4HmzDMXAvrf0i&pid=News&w=234&h=132&c=14&rs=2&qlt=90,channelnews.fr8 j,"L'entreprise israélienne de cybersécurité Wiz a mis fin aux négociations avec Alphabet, rejetant une offre à 23 milliards de ..."
Pourquoi les résultats de Microsoft sèment le doute sur l’IA,https://www.presse-citron.net/pourquoi-les-resultats-de-microsoft-sement-le-doute-sur-lia/,/th?id=OVFT.cNG3UDDS7J-uC86OxCv1LC&pid=News&w=234&h=132&c=14&rs=2&qlt=90,1 j,"Microsoft a dévoilé son résultat financier pour le trimestre s’étendant d’avril à juin. Malgré une hausse de ses revenus, la ..."
Wiz refuse l'énorme offre de Google,https://www.generation-nt.com/actualites/wiz-cybersecurite-rachat-google-refus-2049209,/th?id=OVFT.B-efuf6bI-sy2KwQgIyOFy&pid=News&w=234&h=132&c=14&rs=2&qlt=90,5 j,"GNT est le portail Hi-Tech français consacré aux nouvelles technologies (internet, logiciel, matériel, mobilité, entreprise) ..."
"Google explose ses bénéfices grâce à l’IA, mais à quel prix",https://www.msn.com/fr-fr/finance/other/google-explose-ses-b%C3%A9n%C3%A9fices-gr%C3%A2ce-%C3%A0-l-ia-mais-%C3%A0-quel-prix/ar-BB1qwTSd?ocid=BingNewsVerp,/th?id=OVFT.xXS5kLxK_qNZqx6HI6QY9y&pid=News&w=234&h=132&c=14&rs=2&qlt=90,Frandroid via MSN8 j,"Alors que certains prédisaient la fin de l'hégémonie de Google, le géant du web vient de clouer le bec à ses détracteurs."
Cognizant annonce le lancement de Cognizant Moment,https://www.zonebourse.com/cours/action/COGNIZANT-TECHNOLOGY-SOLU-23219296/actualite/Cognizant-annonce-le-lancement-de-Cognizant-Moment-47501112/,/th?id=OVFT.9Q1Rl0xaOwPo4sGAwPLCUS&pid=News&w=234&h=132&c=14&rs=2&qlt=90,3 j,"Cognizant a annoncé le lancement de Cognizant Moment, la prochaine évolution du domaine de pratique de l'expérience numérique ..."
Les actions de Google devraient augmenter progressivement et non pas exploser : Jefferies,https://fr.investing.com/news/stock-market-news/les-actions-de-google-devraient-augmenter-progressivement-et-non-pas-exploser--jefferies-432SI-2487641,/th?id=OVFT.Y5dnFiIOejG8Xf5uIZpVzi&pid=News&w=234&h=132&c=14&rs=2&qlt=90,Investing13 j,"Les recherches de l'entreprise suggèrent que les dépenses publicitaires restent fortes et stables, malgré des conditions ..."
Intelligence artificielle : Interview,https://www.journaldunet.com/intelligence-artificielle/interview/,No Image,journaldunet.com10 mois,"Le groupe Eiffage annonce ce jeudi 27 juin une collaboration étendue avec Google Cloud pour accélérer l'adoption de l'intelligence artificielle. Jean-Philippe Faure, chief information officer ..."
Microsoft Office,https://www.clubic.com/telecharger-fiche431791-office-2016.html,No Image,Télécharger2 j,"Microsoft Office, la suite bureautique professionnelle la plus utilisée, comprend une gamme variée d'applications telles que Word, Excel, PowerPoint et Outlook. L'installation de cette version ..."
SketchUp Make,https://www.clubic.com/telecharger-fiche19271-google-sketchup.html,No Image,Télécharger2 j,"SketchUp Make est un logiciel gratuit de modélisation 3D qui permet aux utilisateurs de créer, de modifier et de partager des modèles 3D. Il a été développé par Trimble Inc. et est ..."
Adobe Acrobat Reader DC,https://www.clubic.com/telecharger-fiche431723-acrobat-reader-dc.html,No Image,Télécharger2 j,"Rivalisant avec Word, il se distingue par son efficacité accrue et sa connexion au cloud d'Adobe. Gratuit et utile, ce logiciel reste un choix incontournable à télécharger sans réserve ..."
Comparatif des assistants IA d'entreprise : Microsoft Copilot vs Google Gemini vs Amazon Q,https://www.journaldunet.com/intelligence-artificielle/1531509-comparatif-des-assistants-ia-d-entreprise-microsoft-copilot-vs-google-gemini-vs-amazon-q/,No Image,journaldunet.com29 j,"Google, Amazon et Microsoft proposent tous trois des copilot adaptés pour la plupart des métiers en entreprises. Résumé de document, génération de texte, recherche documentaire appuyée par ..."
"Google : la société, ses produits et services",https://www.journaldunet.com/google/,No Image,journaldunet.com1 mois,"Depuis sa création en 1998 avec son moteur de recherche, la société Google est rapidement devenue leader sur Internet. Adwords, Google Earth ou plus récemment Android : ce sont des dizaines de ..."
Transformation numérique,https://www.usine-digitale.fr/transformation-numerique/,No Image,L'Usine Digitale14 j,Il revient en détail sur le partenariat stratégique du géant du BTP avec Google Cloud pour développer et mettre en œuvre des cas d'usage autour de l'intelligence artificielle au sein des ...
"SEO : référencement Google, définition, conseils, actualités",https://www.journaldunet.com/seo/,No Image,journaldunet.com1 mois,"remontés par les moteurs de recherche comme Google. Le JDN couvre les actualités de ce secteur, et interroge régulièrement des spécialistes pour qu'ils expliquent les bonnes pratiques."
"Après Microsoft, Google voit ses émissions de CO₂ bondir à cause de l’IA",https://www.lemonde.fr/economie/article/2024/07/02/apres-microsoft-google-voit-ses-emissions-de-co2-bondir-a-cause-de-l-ia_6246155_3234.html,No Image,Le Monde.fr1 mois,"Google, comme ses concurrents du secteur du cloud Microsoft et Amazon, est donc obligé de créer beaucoup de nouvelles capacités dans ses centres de données. Ce qui génère des émissions ..."
Avast Antivirus,https://www.clubic.com/telecharger-fiche11113-avast-antivirus-gratuit.html,No Image,Télécharger2 j,"Avast Antivirus Gratuit est la solution gratuite dont le but est d'offrir une protection efficace contre les virus, malwares et autres logiciels espions. Il s'agit d'un logiciel accessible sur ..."
Google Photos devient « magique » sur les smartphones Samsung : comment profiter des fonctions IA,https://www.msn.com/fr-fr/actualite/technologie-et-sciences/google-photos-devient-magique-sur-les-smartphones-samsung-comment-profiter-des-fonctions-ia/ar-BB1nWh1w?ocid=BingNewsVerp,No Image,Hébergé sur MSN1 mois,"C’était une promesse de Google, elle est désormais concrétisée ... on sait que le gros du traitement se fait en fait sur le cloud, raison pour laquelle vous ne pourrez modifier vos photos ..."
OVHCloud : tout savoir sur le leader français et européen du cloud,https://www.journaldunet.com/ovh/,No Image,journaldunet.com3 a,"5 million de clients revendiqués. Son offre recouvre cloud public, cloud privé managé, serveur privé virtuel et bare metal."
Intelligence artificielle,https://www.begeek.fr/ia,No Image,Be Geek1 mois,Cette nouvelle arrive quelques semaines seulement après un rapport environnemental annonçant une augmentation de 48% des émissions de Google... Des images pour lesquelles des simples outils de ...
CMA CGM transporte l'IA de Google au coeur de sa stratégie,https://www.cio-online.com/actualites/lire-cma-cgm-transporte-l-ia-de-google-au-coeur-de-sa-strategie-15783.html,No Image,CIO Online13 j,"L'IA de Google servira à l'activité de transport maritime de CMA CGM, mais aussi à la logistique et aux médias. (Photo CMA CGM - DR) Le géant du transport maritime poursuit le développement de son ..."
Cours Alibaba Group Holding Limited,https://www.zonebourse.com/cours/action/ALIBABA-GROUP-HOLDING-LIM-17916677/,No Image,Zonebourse2 j,Les actions asiatiques négociées aux États-Unis sous forme de certificats de dépôt américains commencent la semaine en légère baisse dans les échanges de lundi 29/07 MT Mise à jour ...
Fil d'actualités,https://www.mediapart.fr/journal/fil-dactualites,No Image,Mediapart6 j,Pour mettre le site et l’application mobile de Mediapart à votre disposition nous utilisons des cookies ou technologies similaires qui nous permettent de collecter des informations sur votre ...
Effectuez la mise à niveau à partir de Project 2013 vers Project Online Professionnel,https://www.microsoft.com/fr-fr/microsoft-365/previous-versions/microsoft-project-2013,No Image,Microsoft4 a,Vous utilisez toujours Project 2013 ? Gérez et menez à bien vos projets avec Project Online. Entrez des mots et expressions en relation avec les actions ou fonctionnalités que vous voulez utiliser ...
Transformez l’apprentissage avec Microsoft 365 pour l’Éducation,https://www.microsoft.com/fr-fr/education/products/microsoft-365,No Image,Microsoft4 mois,Notre système basé dans le cloud facilite la surveillance des menaces et les mises à jour fluides afin d’optimiser le temps d’apprentissage pour tous. Consultez notre vue d’ensembles des trois plans ...
"Actu, nouveautés et fonctionnalités des smartphones Android",https://www.phonandroid.com/cat/telephonie/smartphoneandroid,No Image,PhonAndroid1 mois,"Alors que le stockage numérique devient de plus en plus adopté par les propriétaires de smartphones, Google semble prendre des mesures pour répondre aux besoins des utilisateurs soucieux de ..."
Données personnelles,https://www.usine-digitale.fr/donnees-personnelles/,No Image,L'Usine Digitale6 j,"S'appuyant sur Gemini, la famille de modèles de Google, C3 AI propose une plateforme ... AWS choisit pour développer un cloud ""top secret"" pour Canberra ou encore Vinted ..."
"Le nucléaire, une planche de salut énergétique pour l'IA",https://www.lemondeinformatique.fr/actualites/lire-le-nucleaire-une-planche-de-salut-energetique-pour-l-ia-94255.html,No Image,Le Monde Informatique22 j,"De son côté Microsoft et Google ont la même réflexion après ... répondre à la demande des clients en matière de services cloud, mais aussi anticiper les besoins en IA."
Acheter des abonnements Microsoft 365 Famille et Personnel (anciennement Office 2021) – Microsoft Store,https://www.microsoft.com/fr-fr/microsoft-365/buy/microsoft-365,No Image,Microsoft1 a,"Vous bénéficiez également d’un espace de stockage en ligne supplémentaire et de fonctionnalités Cloud qui vous permettent de collaborer ... dans les boutiques d’applications Apple, Google et Microsoft ..."
"Le réseau, talon d'Achille oublié de l'IA générative",https://www.cio-online.com/actualites/lire-le-reseau-le-talon-d-achille-oublie-de-l-ia-generative-15775.html,No Image,CIO Online15 j,Le compte-rendu de l'étude considère la latence comme un facteur critique qui venir contrarier la manipulation des volumineux datasets nécessaires à l'entraînement de l'IA dans le cloud public. Quant ...
Les Newsletters d'Archimag,https://www.archimag.com/newsletters,No Image,archimag1 a,"Pour qui ? Ceux qui souhaitent suivre de près l'actualité de la gestion de l'information numérique (archives, documentation, veille, bibliothèques, dématérialisation, cloud, digital workplace, data, ..."
Comparer Microsoft 365 avec Office,https://www.microsoft.com/fr-fr/microsoft-365/buy/compare-all-microsoft-365-products,No Image,Microsoft2 a,"Vous bénéficiez également d’un espace de stockage en ligne supplémentaire et de fonctionnalités Cloud qui vous permettent de collaborer ... dans les boutiques d’applications Apple, Google et Microsoft ..."
Vol massif de données chez plus de 100 millions de clients de l’opérateur américain AT&T,https://www.01net.com/actualites/vol-massif-donnees-100-millions-clients-operateur-americain-att.html,No Image,Telecharger19 j,"En gros : débrouillez-vous. Cette brèche massive est liée à une faille de sécurité ayant touché Snowflake, le géant des données cloud qui fournit des solutions d’analyse de vastes ..."
Lutte contre la pédopornographie : Apple accusée d’inaction,https://www.01net.com/actualites/lutte-contre-pedopornographie-apple-accusee-inaction.html,No Image,Telecharger9 j,"Google a de son côté rapporté 1,47 million de signalements, Meta plus de 30 millions, TikTok et X/Twitter près de 600 000… Apple en fait même moins que PlayStation (3 674 signalements ..."
Chiffres clés : les ventes de mobiles et de smartphones,https://www.zdnet.fr/actualites/chiffres-cles-les-ventes-de-mobiles-et-de-smartphones-39789928.htm,No Image,ZDNet11 a,"Il a ainsi pu répondre à une forte demande. Cloud de confiance, sous le vernis, quelle réalité ? La profonde numérisation de l'économie a pour corollaire la dématérialisation de l ..."
Vous aimez bien l'assistant vocal Amazon Alexa ? Préparez-vous à devoir payer pour accéder à sa version IA,https://www.clubic.com/actualite-530550-vous-aimez-bien-l-assistant-vocal-amazon-alexa-preparez-vous-a-devoir-payer-pour-acceder-a-sa-version-ia.html,No Image,Télécharger1 mois,"Pour Amazon, il s'agit évidemment de ne pas se laisser distance par les agents conversationnels d'OpenAI, d'Apple, de Google ou encore de Microsoft, tout en célébrant accessoirement le dixième ..."
LiFi : comment le futur du WiFi va être testé sur Ariane 6 aujourd’hui,https://www.01net.com/actualites/le-lifi-comment-le-futur-du-wifi-va-etre-teste-sur-ariane-6-aujourdhui.html,No Image,Telecharger23 j,"le PDG d’Oledcomm, dans un communiqué publié par l’ESA. 🔴 Pour ne manquer aucune actualité de 01net, suivez-nous sur Google Actualités et WhatsApp."
"International Business Machines Corporation, Q2 2024 Earnings Call, Jul 24, 2024",https://www.zonebourse.com/cours/action/IBM-4828/,No Image,Zonebourse15 j,8 milliard USD 07/12/18 BU International Business Machines Corp. : IBM et Actifio ajoutent des nouvelles solutions puissantes de virtualisation des données au portefeuille d'IBM sur le Cloud 04 ...
Un hack en moins d’une minute : comment les hackers peuvent vous pirater en un temps record,https://www.01net.com/actualites/hack-moins-minute-hackers-pirater-temps-record.html,No Image,Telecharger25 j,"Grâce à des virus disséminés durant des années sur des ordinateurs, les pirates ont obtenu les identifiants de centaines de clients de Snowflake, un géant du cloud. Avec les identifiants ..."
8 alternatives à Zoom,https://www.blogdumoderateur.com/tools/alternatives/zoom/,No Image,pour2 a,"Google Meet est facilement accessible via navigateur ... Cette solution dispose de nombreuses fonctionnalités avancées : appels via le cloud, présentations virtuelles, sondages pendant les ..."
DWG FastView,https://www.lesnumeriques.com/telecharger/dwg-fastview-50644,No Image,Les Numériques15 j,"De plus, grâce à son intégration avec le cloud, il vous permet d'ajouter des dossiers cloud pour télécharger ou sauvegarder des fichiers, facilitant ainsi le travail collaboratif avec un ..."
Jack White a sorti un album surprise et vous encourage à le pirater,https://www.lesinrocks.com/musique/jack-white-a-sorti-un-album-surprise-et-vous-encourage-a-le-pirater-624845-23-07-2024/,No Image,Les Inrocks9 j,"Jack White a aussi joué le jeu, en partageant sur sa page Reddit un lien Google Drive vers une version MP3, à retrouver ici. Le partage est devenu le seul moyen de l’écouter, car pour l ..."
TF1 accélère l'exploitation des data 1st party pour cibler ses audiences,https://www.cio-online.com/actualites/lire-tf1-accelere-l-exploitation-des-data-1st-party-pour-cibler-ses-audiences-15774.html,No Image,CIO Online14 j,En particulier parce qu'il s'agit d'une des solutions de rechange aux cookies tiers auxquels Google met progressivement fin depuis janvier 2024. Extraites directement du comportement et des ...
"JO : derrière la polémique sur la délégation israélienne, une revendication ancienne",https://www.mediapart.fr/journal/international/220724/jo-derriere-la-polemique-sur-la-delegation-israelienne-une-revendication-ancienne,No Image,Mediapart10 j,"Le journal MEDIAPART est édité par la Société Editrice de Mediapart - 127 avenue Ledru-Rollin, 75011 Paris. RCS Paris 500 631 932. Numéro de CPPAP : 1224Y90071 - Directeur de la publication ..."
Comparer Microsoft 365 avec Office,https://www.microsoft.com/fr-be/microsoft-365/buy/compare-all-microsoft-365-products,No Image,Microsoft11 a,"Vous bénéficiez également d’un espace de stockage en ligne supplémentaire et de fonctionnalités Cloud qui vous permettent de collaborer ... dans les boutiques d’applications Apple, Google et Microsoft ..."
"Humana : baisse des bénéfices ajustés au 2ème trimestre, hausse des revenus",https://www.zonebourse.com/cours/action/HUMANA-INC-13000/actualite/Humana-baisse-des-benefices-ajustes-au-2eme-trimestre-hausse-des-revenus-47515177/,/th?id=OVFT.9Q1Rl0xaOwPo4sGAwPLCUS&pid=News&w=234&h=132&c=14&rs=2&qlt=90,1 j,"-- Humana a annoncé mercredi un bénéfice ajusté de 6,96 $ par action diluée pour le deuxième trimestre, en baisse par rapport ..."
